<?xml version="1.0"?>
<OSCInputGroup>
  <oscMessage>/wek/inputs</oscMessage>
  <numInputs>42</numInputs>
  <groupName>Inputs</groupName>
  <inputNames>
    <string>inputs-1</string>
    <string>inputs-2</string>
    <string>inputs-3</string>
    <string>inputs-4</string>
    <string>inputs-5</string>
    <string>inputs-6</string>
    <string>inputs-7</string>
    <string>inputs-8</string>
    <string>inputs-9</string>
    <string>inputs-10</string>
    <string>inputs-11</string>
    <string>inputs-12</string>
    <string>inputs-13</string>
    <string>inputs-14</string>
    <string>inputs-15</string>
    <string>inputs-16</string>
    <string>inputs-17</string>
    <string>inputs-18</string>
    <string>inputs-19</string>
    <string>inputs-20</string>
    <string>inputs-21</string>
    <string>inputs-22</string>
    <string>inputs-23</string>
    <string>inputs-24</string>
    <string>inputs-25</string>
    <string>inputs-26</string>
    <string>inputs-27</string>
    <string>inputs-28</string>
    <string>inputs-29</string>
    <string>inputs-30</string>
    <string>inputs-31</string>
    <string>inputs-32</string>
    <string>inputs-33</string>
    <string>inputs-34</string>
    <string>inputs-35</string>
    <string>inputs-36</string>
    <string>inputs-37</string>
    <string>inputs-38</string>
    <string>inputs-39</string>
    <string>inputs-40</string>
    <string>inputs-41</string>
    <string>inputs-42</string>
  </inputNames>
</OSCInputGroup>